,Team,Season,Record,Season Result,PJ Positive,Playoffs Results
0,Braves,1970-71,22-60,N/A,False,Not Qualified
1,Trail Blazers,1970-71,29-53,N/A,False,Not Qualified
2,Bucks,1970-71,66-16,LEAGUE CHAMPION,True,Champ
3,Hawks,1970-71,36-46,N/A,False,CSF Exit
4,Pistons,1970-71,45-37,N/A,False,Not Qualified
5,Lakers,1970-71,48-34,N/A,False,CF Exit
6,Knicks,1970-71,52-30,N/A,False,CF Exit
7,Bullets,1970-71,42-40,FINALS APPEARANCE,False,Runner Up
8,Warriors,1970-71,41-41,N/A,False,CSF Exit
9,76ers,1970-71,47-35,N/A,False,CSF Exit
10,Bulls,1970-71,51-31,N/A,False,CSF Exit
11,Royals,1970-71,33-49,N/A,False,Not Qualified
12,SuperSonics,1970-71,38-44,N/A,False,Not Qualified
13,Celtics,1970-71,44-38,N/A,False,Not Qualified
14,Rockets,1970-71,40-42,N/A,False,Not Qualified
15,Cavaliers,1970-71,15-67,N/A,False,Not Qualified
16,Suns,1970-71,48-34,N/A,False,Not Qualified
17,Royals,1971-72,30-52,N/A,False,Not Qualified
18,Cavaliers,1971-72,23-59,N/A,False,Not Qualified
19,Trail Blazers,1971-72,18-64,N/A,False,Not Qualified
20,Braves,1971-72,22-60,N/A,False,Not Qualified
21,Knicks,1971-72,48-34,FINALS APPEARANCE,False,Runner Up
22,Bucks,1971-72,63-19,N/A,True,CF Exit
23,Bulls,1971-72,57-25,N/A,True,CSF Exit
24,SuperSonics,1971-72,47-35,N/A,False,Not Qualified
25,Celtics,1971-72,56-26,N/A,True,CF Exit
26,Suns,1971-72,49-33,N/A,False,Not Qualified
27,Hawks,1971-72,36-46,N/A,False,CSF Exit
28,Pistons,1971-72,26-56,N/A,False,Not Qualified
29,Bullets,1971-72,38-44,N/A,False,CSF Exit
30,Rockets,1971-72,34-48,N/A,False,Not Qualified
31,76ers,1971-72,30-52,N/A,False,Not Qualified
32,Warriors,1971-72,51-31,N/A,False,CSF Exit
33,Lakers,1971-72,69-13,LEAGUE CHAMPION,True,Champ
34,Braves,1972-73,21-61,N/A,False,Not Qualified
35,Knicks,1972-73,57-25,LEAGUE CHAMPION,True,Champ
36,Trail Blazers,1972-73,21-61,N/A,False,Not Qualified
37,Lakers,1972-73,60-22,FINALS APPEARANCE,True,Runner Up
38,Bullets,1972-73,52-30,N/A,True,CSF Exit
39,Suns,1972-73,38-44,N/A,False,Not Qualified
40,Hawks,1972-73,46-36,N/A,False,CSF Exit
41,Pistons,1972-73,40-42,N/A,False,Not Qualified
42,Celtics,1972-73,68-14,N/A,True,CF Exit
43,Bulls,1972-73,51-31,N/A,False,CSF Exit
44,Kings,1972-73,36-46,N/A,False,Not Qualified
45,Rockets,1972-73,33-49,N/A,False,Not Qualified
46,Bucks,1972-73,60-22,N/A,True,CSF Exit
47,76ers,1972-73,9-73,N/A,False,Not Qualified
48,Warriors,1972-73,47-35,N/A,False,CF Exit
49,Cavaliers,1972-73,32-50,N/A,False,Not Qualified
50,SuperSonics,1972-73,26-56,N/A,False,Not Qualified
51,Hawks,1973-74,35-47,N/A,False,Not Qualified
52,Warriors,1973-74,44-38,N/A,False,Not Qualified
53,Trail Blazers,1973-74,27-55,N/A,False,Not Qualified
54,Bulls,1973-74,54-28,N/A,True,CF Exit
55,Knicks,1973-74,49-33,N/A,False,CF Exit
56,Bucks,1973-74,59-23,FINALS APPEARANCE,True,Runner Up
57,Cavaliers,1973-74,29-53,N/A,False,Not Qualified
58,Bullets,1973-74,47-35,N/A,False,CSF Exit
59,Lakers,1973-74,47-35,N/A,False,CSF Exit
60,Pistons,1973-74,52-30,N/A,True,CSF Exit
61,Celtics,1973-74,56-26,LEAGUE CHAMPION,True,Champ
62,76ers,1973-74,25-57,N/A,False,Not Qualified
63,Kings,1973-74,33-49,N/A,False,Not Qualified
64,Suns,1973-74,30-52,N/A,False,Not Qualified
65,Braves,1973-74,42-40,N/A,False,CSF Exit
66,Rockets,1973-74,32-50,N/A,False,Not Qualified
67,SuperSonics,1973-74,36-46,N/A,False,Not Qualified
68,Lakers,1974-75,30-52,N/A,False,Not Qualified
69,Bulls,1974-75,47-35,N/A,False,CF Exit
70,Warriors,1974-75,48-34,LEAGUE CHAMPION,False,Champ
71,Celtics,1974-75,60-22,N/A,True,CF Exit
72,Jazz,1974-75,23-59,N/A,False,Not Qualified
73,Bucks,1974-75,38-44,N/A,False,Not Qualified
74,Braves,1974-75,49-33,N/A,False,CSF Exit
75,76ers,1974-75,34-48,N/A,False,Not Qualified
76,Kings,1974-75,44-38,N/A,False,CSF Exit
77,Suns,1974-75,32-50,N/A,False,Not Qualified
78,Cavaliers,1974-75,40-42,N/A,False,Not Qualified
79,Knicks,1974-75,40-42,N/A,False,FR Exit
80,Bullets,1974-75,60-22,FINALS APPEARANCE,True,Runner Up
81,SuperSonics,1974-75,43-39,N/A,False,CSF Exit
82,Rockets,1974-75,41-41,N/A,False,CSF Exit
83,Trail Blazers,1974-75,38-44,N/A,False,Not Qualified
84,Pistons,1974-75,40-42,N/A,False,FR Exit
85,Hawks,1974-75,31-51,N/A,False,Not Qualified
86,SuperSonics,1975-76,43-39,N/A,False,CSF Exit
87,Lakers,1975-76,40-42,N/A,False,Not Qualified
88,76ers,1975-76,46-36,N/A,False,FR Exit
89,Trail Blazers,1975-76,37-45,N/A,False,Not Qualified
90,Suns,1975-76,42-40,FINALS APPEARANCE,False,Runner Up
91,Bucks,1975-76,38-44,N/A,False,CSF Exit
92,Knicks,1975-76,38-44,N/A,False,Not Qualified
93,Bullets,1975-76,48-34,N/A,False,CSF Exit
94,Braves,1975-76,46-36,N/A,False,CSF Exit
95,Kings,1975-76,31-51,N/A,False,Not Qualified
96,Pistons,1975-76,36-46,N/A,False,CSF Exit
97,Warriors,1975-76,59-23,N/A,True,CF Exit
98,Hawks,1975-76,29-53,N/A,False,Not Qualified
99,Jazz,1975-76,38-44,N/A,False,Not Qualified
100,Rockets,1975-76,40-42,N/A,False,Not Qualified
101,Cavaliers,1975-76,49-33,N/A,True,CF Exit
102,Bulls,1975-76,24-58,N/A,False,Not Qualified
103,Celtics,1975-76,54-28,LEAGUE CHAMPION,True,Champ
104,Lakers,1976-77,53-29,N/A,True,CF Exit
105,Celtics,1976-77,44-38,N/A,False,CSF Exit
106,SuperSonics,1976-77,40-42,N/A,False,Not Qualified
107,Spurs,1976-77,44-38,N/A,False,FR Exit
108,Bullets,1976-77,48-34,N/A,False,CSF Exit
109,Rockets,1976-77,49-33,N/A,False,CF Exit
110,Braves,1976-77,30-52,N/A,False,Not Qualified
111,Nuggets,1976-77,50-32,N/A,False,CSF Exit
112,76ers,1976-77,50-32,FINALS APPEARANCE,False,Runner Up
113,Bucks,1976-77,30-52,N/A,False,Not Qualified
114,Kings,1976-77,40-42,N/A,False,Not Qualified
115,Suns,1976-77,34-48,N/A,False,Not Qualified
116,Pistons,1976-77,44-38,N/A,False,FR Exit
117,Cavaliers,1976-77,43-39,N/A,False,FR Exit
118,Knicks,1976-77,40-42,N/A,False,Not Qualified
119,Pacers,1976-77,36-46,N/A,False,Not Qualified
120,Bulls,1976-77,44-38,N/A,False,FR Exit
121,Hawks,1976-77,31-51,N/A,False,Not Qualified
122,Jazz,1976-77,35-47,N/A,False,Not Qualified
123,Warriors,1976-77,46-36,N/A,False,CSF Exit
124,Nets,1976-77,22-60,N/A,False,Not Qualified
125,Trail Blazers,1976-77,49-33,LEAGUE CHAMPION,False,Champ
126,Rockets,1977-78,28-54,N/A,False,Not Qualified
127,Warriors,1977-78,43-39,N/A,False,Not Qualified
128,Pacers,1977-78,31-51,N/A,False,Not Qualified
129,Pistons,1977-78,38-44,N/A,False,Not Qualified
130,Knicks,1977-78,43-39,N/A,False,CSF Exit
131,Braves,1977-78,27-55,N/A,False,Not Qualified
132,Hawks,1977-78,41-41,N/A,False,FR Exit
133,Nets,1977-78,24-58,N/A,False,Not Qualified
134,Celtics,1977-78,32-50,N/A,False,Not Qualified
135,Cavaliers,1977-78,43-39,N/A,False,FR Exit
136,Spurs,1977-78,52-30,N/A,True,CSF Exit
137,Lakers,1977-78,45-37,N/A,False,FR Exit
138,76ers,1977-78,55-27,N/A,True,CF Exit
139,Jazz,1977-78,39-43,N/A,False,Not Qualified
140,Trail Blazers,1977-78,58-24,N/A,True,CSF Exit
141,Suns,1977-78,49-33,N/A,False,FR Exit
142,Bullets,1977-78,44-38,LEAGUE CHAMPION,False,Champ
143,Bucks,1977-78,44-38,N/A,False,CSF Exit
144,SuperSonics,1977-78,47-35,FINALS APPEARANCE,True,Runner Up
145,Kings,1977-78,31-51,N/A,False,Not Qualified
146,Bulls,1977-78,40-42,N/A,False,Not Qualified
147,Nuggets,1977-78,48-34,N/A,False,CF Exit
148,Bulls,1978-79,31-51,N/A,False,Not Qualified
149,Cavaliers,1978-79,30-52,N/A,False,Not Qualified
150,Rockets,1978-79,47-35,N/A,False,FR Exit
151,Clippers,1978-79,43-39,N/A,False,Not Qualified
152,Lakers,1978-79,47-35,N/A,False,CSF Exit
153,Trail Blazers,1978-79,45-37,N/A,False,FR Exit
154,Bullets,1978-79,54-28,FINALS APPEARANCE,True,Runner Up
155,Spurs,1978-79,48-34,N/A,False,CF Exit
156,Pacers,1978-79,38-44,N/A,False,Not Qualified
157,Suns,1978-79,50-32,N/A,False,CF Exit
158,Nuggets,1978-79,47-35,N/A,False,FR Exit
159,Celtics,1978-79,29-53,N/A,False,Not Qualified
160,Knicks,1978-79,31-51,N/A,False,Not Qualified
161,76ers,1978-79,47-35,N/A,False,CSF Exit
162,Pistons,1978-79,30-52,N/A,False,Not Qualified
163,Jazz,1978-79,26-56,N/A,False,Not Qualified
164,Warriors,1978-79,38-44,N/A,False,Not Qualified
165,Bucks,1978-79,38-44,N/A,False,Not Qualified
166,Kings,1978-79,48-34,N/A,False,CSF Exit
167,Nets,1978-79,37-45,N/A,False,FR Exit
168,SuperSonics,1978-79,52-30,LEAGUE CHAMPION,False,Champ
169,Hawks,1978-79,46-36,N/A,False,CSF Exit
170,Nets,1979-80,34-48,N/A,False,Not Qualified
171,Jazz,1979-80,24-58,N/A,False,Not Qualified
172,Hawks,1979-80,50-32,N/A,False,CSF Exit
173,Spurs,1979-80,41-41,N/A,False,FR Exit
174,Pistons,1979-80,16-66,N/A,False,Not Qualified
175,Kings,1979-80,47-35,N/A,False,FR Exit
176,Clippers,1979-80,35-47,N/A,False,Not Qualified
177,Cavaliers,1979-80,37-45,N/A,False,Not Qualified
178,Pacers,1979-80,37-45,N/A,False,Not Qualified
179,Bulls,1979-80,30-52,N/A,False,Not Qualified
180,Suns,1979-80,55-27,N/A,True,CSF Exit
181,Lakers,1979-80,60-22,LEAGUE CHAMPION,True,Champ
182,Rockets,1979-80,41-41,N/A,False,CSF Exit
183,76ers,1979-80,59-23,FINALS APPEARANCE,True,Runner Up
184,Knicks,1979-80,39-43,N/A,False,Runner Up
185,SuperSonics,1979-80,56-26,N/A,True,CF Exit
186,Bucks,1979-80,49-33,N/A,False,CSF Exit
187,Nuggets,1979-80,30-52,N/A,False,Not Qualified
188,Bullets,1979-80,39-43,N/A,False,FR Exit
189,Warriors,1979-80,24-58,N/A,False,Not Qualified
190,Celtics,1979-80,61-21,N/A,True,CF Exit
191,Trail Blazers,1979-80,38-44,N/A,False,FR Exit
192,Jazz,1980-81,28-54,N/A,False,Not Qualified
193,Pacers,1980-81,44-38,N/A,False,FR Exit
194,Warriors,1980-81,39-43,N/A,False,Not Qualified
195,Spurs,1980-81,52-30,N/A,False,CSF Exit
196,Mavericks,1980-81,15-67,N/A,False,Not Qualified
197,Hawks,1980-81,31-51,N/A,False,Not Qualified
198,Kings,1980-81,40-42,N/A,False,CF Exit
199,SuperSonics,1980-81,34-48,N/A,False,Not Qualified
200,Nets,1980-81,24-58,N/A,False,Not Qualified
201,Lakers,1980-81,54-28,N/A,False,FR Exit
202,Nuggets,1980-81,37-45,N/A,False,Not Qualified
203,Knicks,1980-81,50-32,N/A,False,FR Exit
204,Bullets,1980-81,39-43,N/A,False,Not Qualified
205,Pistons,1980-81,21-61,N/A,False,Not Qualified
206,Bulls,1980-81,45-37,N/A,False,CSF Exit
207,Trail Blazers,1980-81,45-37,N/A,False,FR Exit
208,Celtics,1980-81,62-20,LEAGUE CHAMPION,True,Champ
209,Bucks,1980-81,60-22,N/A,True,CSF Exit
210,Cavaliers,1980-81,28-54,N/A,False,Not Qualified
211,76ers,1980-81,62-20,N/A,True,Runner Up
212,Rockets,1980-81,40-42,FINALS APPEARANCE,False,Runner Up
213,Clippers,1980-81,36-46,N/A,False,Not Qualified
214,Suns,1980-81,57-25,N/A,True,CSF Exit
215,Rockets,1981-82,46-36,N/A,False,FR Exit
216,Knicks,1981-82,33-49,N/A,False,Not Qualified
217,Hawks,1981-82,42-40,N/A,False,FR Exit
218,Jazz,1981-82,25-57,N/A,False,Not Qualified
219,Kings,1981-82,30-52,N/A,False,Not Qualified
220,Bucks,1981-82,55-27,N/A,True,CSF Exit
221,Nuggets,1981-82,46-36,N/A,False,FR Exit
222,Clippers,1981-82,17-65,N/A,False,Not Qualified
223,Pistons,1981-82,39-43,N/A,False,Not Qualified
224,Bullets,1981-82,43-39,N/A,False,CSF Exit
225,Warriors,1981-82,45-37,N/A,False,Not Qualified
226,76ers,1981-82,58-24,FINALS APPEARANCE,True,Runner Up
227,Suns,1981-82,46-36,N/A,False,CSF Exit
228,Pacers,1981-82,35-47,N/A,False,Not Qualified
229,Cavaliers,1981-82,15-67,N/A,False,Not Qualified
230,Bulls,1981-82,34-48,N/A,False,Not Qualified
231,Mavericks,1981-82,28-54,N/A,False,Not Qualified
232,Spurs,1981-82,48-34,N/A,False,CF Exit
233,SuperSonics,1981-82,52-30,N/A,True,CSF Exit
234,Nets,1981-82,44-38,N/A,False,FR Exit
235,Lakers,1981-82,57-25,LEAGUE CHAMPION,True,Champ
236,Celtics,1981-82,63-19,N/A,True,CF Exit
237,Trail Blazers,1981-82,42-40,N/A,False,Not Qualified
238,Bucks,1982-83,51-31,N/A,False,CF Exit
239,Clippers,1982-83,25-57,N/A,False,Not Qualified
240,Celtics,1982-83,56-26,N/A,True,CSF Exit
241,76ers,1982-83,65-17,LEAGUE CHAMPION,True,Champ
242,SuperSonics,1982-83,48-34,N/A,False,FR Exit
243,Knicks,1982-83,44-38,N/A,False,CSF Exit
244,Bulls,1982-83,28-54,N/A,False,Not Qualified
245,Pistons,1982-83,37-45,N/A,False,Not Qualified
246,Warriors,1982-83,30-52,N/A,False,Not Qualified
247,Rockets,1982-83,14-68,N/A,False,Not Qualified
248,Nets,1982-83,49-33,N/A,True,FR Exit
249,Bullets,1982-83,42-40,N/A,False,Not Qualified
250,Trail Blazers,1982-83,46-36,N/A,False,CSF Exit
251,Kings,1982-83,45-37,N/A,False,CSF Exit
252,Cavaliers,1982-83,23-59,N/A,False,Not Qualified
253,Nuggets,1982-83,45-37,N/A,False,CSF Exit
254,Hawks,1982-83,43-39,N/A,False,FR Exit
255,Mavericks,1982-83,38-44,N/A,False,Not Qualified
256,Suns,1982-83,53-29,N/A,True,CSF Exit
257,Jazz,1982-83,30-52,N/A,False,Not Qualified
258,Lakers,1982-83,58-24,FINALS APPEARANCE,True,Runner Up
259,Spurs,1982-83,53-29,N/A,False,CF Exit
260,Pacers,1982-83,20-62,N/A,False,Not Qualified
261,Bucks,1983-84,50-32,N/A,False,CF Exit
262,Suns,1983-84,41-41,N/A,False,CF Exit
263,Warriors,1983-84,37-45,N/A,False,Not Qualified
264,Celtics,1983-84,62-20,LEAGUE CHAMPION,True,Champ
265,Rockets,1983-84,29-53,N/A,False,Not Qualified
266,76ers,1983-84,52-30,N/A,False,FR Exit
267,Hawks,1983-84,40-42,N/A,False,FR Exit
268,Nuggets,1983-84,38-44,N/A,False,FR Exit
269,Spurs,1983-84,37-45,N/A,False,Not Qualified
270,Nets,1983-84,45-37,N/A,False,CSF Exit
271,Bulls,1983-84,27-55,N/A,False,Not Qualified
272,Knicks,1983-84,47-35,N/A,False,CSF Exit
273,Clippers,1983-84,30-52,N/A,False,Not Qualified
274,Trail Blazers,1983-84,48-34,N/A,False,FR Exit
275,Pacers,1983-84,26-56,N/A,False,Not Qualified
276,Kings,1983-84,38-44,N/A,False,FR Exit
277,Lakers,1983-84,54-28,FINALS APPEARANCE,True,Runner Up
278,SuperSonics,1983-84,42-40,N/A,False,FR Exit
279,Cavaliers,1983-84,28-54,N/A,False,Not Qualified
280,Mavericks,1983-84,43-39,N/A,False,CSF Exit
281,Bullets,1983-84,35-47,N/A,False,FR Exit
282,Jazz,1983-84,45-37,N/A,False,CSF Exit
283,Pistons,1983-84,49-33,N/A,False,FR Exit
284,Nuggets,1984-85,52-30,N/A,False,CF Exit
285,Lakers,1984-85,62-20,LEAGUE CHAMPION,True,Champ
286,Celtics,1984-85,63-19,FINALS APPEARANCE,True,Runner Up
287,Warriors,1984-85,22-60,N/A,False,Not Qualified
288,Knicks,1984-85,24-58,N/A,False,Not Qualified
289,SuperSonics,1984-85,31-51,N/A,False,Not Qualified
290,Spurs,1984-85,41-41,N/A,False,FR Exit
291,Kings,1984-85,31-51,N/A,False,Not Qualified
292,76ers,1984-85,58-24,N/A,True,CF Exit
293,Suns,1984-85,36-46,N/A,False,FR Exit
294,Hawks,1984-85,34-48,N/A,False,Not Qualified
295,Jazz,1984-85,41-41,N/A,False,CSF Exit
296,Pacers,1984-85,22-60,N/A,False,Not Qualified
297,Mavericks,1984-85,44-38,N/A,False,FR Exit
298,Clippers,1984-85,31-51,N/A,False,Not Qualified
299,Cavaliers,1984-85,36-46,N/A,False,FR Exit
300,Trail Blazers,1984-85,42-40,N/A,False,CSF Exit
301,Bucks,1984-85,59-23,N/A,True,CSF Exit
302,Bullets,1984-85,40-42,N/A,False,FR Exit
303,Pistons,1984-85,46-36,N/A,False,CSF Exit
304,Bulls,1984-85,38-44,N/A,False,FR Exit
305,Rockets,1984-85,48-34,N/A,False,FR Exit
306,Nets,1984-85,42-40,N/A,False,FR Exit
307,Warriors,1985-86,30-52,N/A,False,Not Qualified
308,Celtics,1985-86,67-15,LEAGUE CHAMPION,True,Champ
309,Mavericks,1985-86,44-38,N/A,False,CSF Exit
310,Suns,1985-86,32-50,N/A,False,Not Qualified
311,Kings,1985-86,37-45,N/A,False,FR Exit
312,Bucks,1985-86,57-25,N/A,True,CF Exit
313,Pistons,1985-86,46-36,N/A,False,FR Exit
314,Spurs,1985-86,35-47,N/A,False,FR Exit
315,SuperSonics,1985-86,31-51,N/A,False,Not Qualified
316,Hawks,1985-86,50-32,N/A,False,CSF Exit
317,Pacers,1985-86,26-56,N/A,False,Not Qualified
318,Cavaliers,1985-86,29-53,N/A,False,Not Qualified
319,76ers,1985-86,54-28,N/A,True,CSF Exit
320,Lakers,1985-86,62-20,N/A,True,CF Exit
321,Rockets,1985-86,51-31,FINALS APPEARANCE,False,Runner Up
322,Nets,1985-86,39-43,N/A,False,FR Exit
323,Knicks,1985-86,23-59,N/A,False,Not Qualified
324,Bulls,1985-86,30-52,N/A,False,FR Exit
325,Trail Blazers,1985-86,40-42,N/A,False,FR Exit
326,Clippers,1985-86,32-50,N/A,False,Not Qualified
327,Nuggets,1985-86,47-35,N/A,False,CSF Exit
328,Jazz,1985-86,42-40,N/A,False,FR Exit
329,Bullets,1985-86,39-43,N/A,False,FR Exit
330,Suns,1986-87,36-46,N/A,False,Not Qualified
331,Spurs,1986-87,28-54,N/A,False,Not Qualified
332,Nuggets,1986-87,37-45,N/A,False,FR Exit
333,Pacers,1986-87,41-41,N/A,False,FR Exit
334,Mavericks,1986-87,55-27,N/A,True,FR Exit
335,Cavaliers,1986-87,31-51,N/A,False,Not Qualified
336,76ers,1986-87,45-37,N/A,False,FR Exit
337,Bullets,1986-87,42-40,N/A,False,FR Exit
338,Bucks,1986-87,50-32,N/A,False,CSF Exit
339,Lakers,1986-87,65-17,LEAGUE CHAMPION,True,Champ
340,Jazz,1986-87,44-38,N/A,False,FR Exit
341,Celtics,1986-87,59-23,FINALS APPEARANCE,True,Runner Up
342,Clippers,1986-87,12-70,N/A,False,Not Qualified
343,SuperSonics,1986-87,39-43,N/A,False,CF Exit
344,Kings,1986-87,29-53,N/A,False,Not Qualified
345,Bulls,1986-87,40-42,N/A,False,FR Exit
346,Trail Blazers,1986-87,49-33,N/A,False,FR Exit
347,Knicks,1986-87,24-58,N/A,False,Not Qualified
348,Hawks,1986-87,57-25,N/A,False,CSF Exit
349,Rockets,1986-87,42-40,N/A,False,CSF Exit
350,Nets,1986-87,24-58,N/A,False,Not Qualified
351,Pistons,1986-87,52-30,N/A,True,CF Exit
352,Warriors,1986-87,42-40,N/A,False,CSF Exit
353,Pistons,1987-88,54-28,FINALS APPEARANCE,True,Runner Up
354,Jazz,1987-88,47-35,N/A,False,CSF Exit
355,Lakers,1987-88,62-20,LEAGUE CHAMPION,True,Champ
356,Mavericks,1987-88,53-29,N/A,True,CF Exit
357,Nets,1987-88,19-63,N/A,False,Not Qualified
358,SuperSonics,1987-88,44-38,N/A,False,FR Exit
359,Bucks,1987-88,42-40,N/A,False,FR Exit
360,76ers,1987-88,36-46,N/A,False,Not Qualified
361,Pacers,1987-88,38-44,N/A,False,Not Qualified
362,Bullets,1987-88,38-44,N/A,False,FR Exit
363,Kings,1987-88,24-58,N/A,False,Not Qualified
364,Spurs,1987-88,31-51,N/A,False,FR Exit
365,Suns,1987-88,28-54,N/A,False,Not Qualified
366,Knicks,1987-88,38-44,N/A,False,FR Exit
367,Nuggets,1987-88,54-28,N/A,True,CSF Exit
368,Hawks,1987-88,50-32,N/A,False,CSF Exit
369,Trail Blazers,1987-88,53-29,N/A,True,FR Exit
370,Celtics,1987-88,57-25,N/A,True,CF Exit
371,Bulls,1987-88,50-32,N/A,False,CSF Exit
372,Rockets,1987-88,46-36,N/A,False,FR Exit
373,Clippers,1987-88,17-65,N/A,False,Not Qualified
374,Cavaliers,1987-88,42-40,N/A,False,FR Exit
375,Warriors,1987-88,20-62,N/A,False,Not Qualified
376,Celtics,1988-89,42-40,N/A,False,FR Exit
377,Jazz,1988-89,51-31,N/A,False,FR Exit
378,SuperSonics,1988-89,47-35,N/A,False,CSF Exit
379,Hornets,1988-89,20-62,N/A,False,Not Qualified
380,Heat,1988-89,15-67,N/A,False,Not Qualified
381,Suns,1988-89,55-27,N/A,True,CF Exit
382,Trail Blazers,1988-89,39-43,N/A,False,FR Exit
383,Lakers,1988-89,57-25,FINALS APPEARANCE,True,Runner Up
384,Kings,1988-89,27-55,N/A,False,Not Qualified
385,Bucks,1988-89,49-33,N/A,True,CSF Exit
386,Bulls,1988-89,47-35,N/A,False,CF Exit
387,Nets,1988-89,26-56,N/A,False,Not Qualified
388,76ers,1988-89,46-36,N/A,False,FR Exit
389,Rockets,1988-89,45-37,N/A,False,FR Exit
390,Pacers,1988-89,28-54,N/A,False,Not Qualified
391,Clippers,1988-89,21-61,N/A,False,Not Qualified
392,Spurs,1988-89,21-61,N/A,False,Not Qualified
393,Nuggets,1988-89,44-38,N/A,False,FR Exit
394,Bullets,1988-89,40-42,N/A,False,Not Qualified
395,Pistons,1988-89,63-19,LEAGUE CHAMPION,True,Champ
396,Cavaliers,1988-89,57-25,N/A,True,FR Exit
397,Warriors,1988-89,43-39,N/A,False,CSF Exit
398,Knicks,1988-89,52-30,N/A,True,CSF Exit
399,Mavericks,1988-89,38-44,N/A,False,Not Qualified
400,Hawks,1988-89,52-30,N/A,False,FR Exit
401,Magic,1989-90,18-64,N/A,False,Not Qualified
402,Suns,1989-90,54-28,N/A,True,CF Exit
403,Pacers,1989-90,42-40,N/A,False,FR Exit
404,Timberwolves,1989-90,22-60,N/A,False,Not Qualified
405,Jazz,1989-90,55-27,N/A,True,FR Exit
406,Trail Blazers,1989-90,59-23,FINALS APPEARANCE,True,Runner Up
407,Bucks,1989-90,44-38,N/A,False,FR Exit
408,Lakers,1989-90,63-19,N/A,True,CSF Exit
409,Kings,1989-90,23-59,N/A,False,Not Qualified
410,Nuggets,1989-90,43-39,N/A,False,FR Exit
411,Clippers,1989-90,30-52,N/A,False,Not Qualified
412,Knicks,1989-90,45-37,N/A,False,CSF Exit
413,Hawks,1989-90,41-41,N/A,False,Not Qualified
414,Heat,1989-90,18-64,N/A,False,Not Qualified
415,Cavaliers,1989-90,42-40,N/A,False,FR Exit
416,Rockets,1989-90,41-41,N/A,False,FR Exit
417,Warriors,1989-90,37-45,N/A,False,Not Qualified
418,Hornets,1989-90,19-63,N/A,False,Not Qualified
419,SuperSonics,1989-90,41-41,N/A,False,Not Qualified
420,Nets,1989-90,17-65,N/A,False,Not Qualified
421,Spurs,1989-90,56-26,N/A,True,CSF Exit
422,Bullets,1989-90,31-51,N/A,False,Not Qualified
423,Pistons,1989-90,59-23,LEAGUE CHAMPION,True,Champ
424,Mavericks,1989-90,47-35,N/A,False,FR Exit
425,76ers,1989-90,53-29,N/A,True,CSF Exit
426,Bulls,1989-90,55-27,N/A,True,CF Exit
427,Celtics,1989-90,52-30,N/A,False,FR Exit
428,Trail Blazers,1990-91,63-19,N/A,True,CF Exit
429,Nuggets,1990-91,20-62,N/A,False,Not Qualified
430,Jazz,1990-91,54-28,N/A,True,CSF Exit
431,Bullets,1990-91,30-52,N/A,False,Not Qualified
432,Knicks,1990-91,39-43,N/A,False,FR Exit
433,Lakers,1990-91,58-24,FINALS APPEARANCE,True,Runner Up
434,Spurs,1990-91,55-27,N/A,True,FR Exit
435,Suns,1990-91,55-27,N/A,True,FR Exit
436,Warriors,1990-91,44-38,N/A,False,CSF Exit
437,Nets,1990-91,26-56,N/A,False,Not Qualified
438,Bulls,1990-91,61-21,LEAGUE CHAMPION,True,Champ
439,Timberwolves,1990-91,29-53,N/A,False,Not Qualified
440,76ers,1990-91,44-38,N/A,False,CSF Exit
441,Hornets,1990-91,26-56,N/A,False,Not Qualified
442,Heat,1990-91,24-58,N/A,False,Not Qualified
443,Cavaliers,1990-91,33-49,N/A,False,Not Qualified
444,Pistons,1990-91,50-32,N/A,False,CF Exit
445,Magic,1990-91,31-51,N/A,False,Not Qualified
446,Mavericks,1990-91,28-54,N/A,False,Not Qualified
447,Pacers,1990-91,41-41,N/A,False,FR Exit
448,Celtics,1990-91,56-26,N/A,True,CSF Exit
449,Bucks,1990-91,48-34,N/A,False,FR Exit
450,Hawks,1990-91,43-39,N/A,False,FR Exit
451,Clippers,1990-91,31-51,N/A,False,Not Qualified
452,Rockets,1990-91,52-30,N/A,True,FR Exit
453,Kings,1990-91,25-57,N/A,False,Not Qualified
454,SuperSonics,1990-91,41-41,N/A,False,FR Exit
455,Pacers,1991-92,40-42,N/A,False,FR Exit
456,Nuggets,1991-92,24-58,N/A,False,Not Qualified
457,76ers,1991-92,35-47,N/A,False,Not Qualified
458,Jazz,1991-92,55-27,N/A,True,CF Exit
459,Bullets,1991-92,25-57,N/A,False,Not Qualified
460,Cavaliers,1991-92,57-25,N/A,True,CF Exit
461,Pistons,1991-92,48-34,N/A,False,FR Exit
462,Hawks,1991-92,38-44,N/A,False,Not Qualified
463,Bulls,1991-92,67-15,LEAGUE CHAMPION,True,Champ
464,Spurs,1991-92,47-35,N/A,False,FR Exit
465,Clippers,1991-92,45-37,N/A,False,FR Exit
466,Mavericks,1991-92,22-60,N/A,False,Not Qualified
467,Lakers,1991-92,43-39,N/A,False,FR Exit
468,Rockets,1991-92,42-40,N/A,False,Not Qualified
469,Hornets,1991-92,31-51,N/A,False,Not Qualified
470,Celtics,1991-92,51-31,N/A,False,CSF Exit
471,Bucks,1991-92,31-51,N/A,False,Not Qualified
472,Magic,1991-92,21-61,N/A,False,Not Qualified
473,Knicks,1991-92,51-31,N/A,False,CSF Exit
474,Heat,1991-92,38-44,N/A,False,FR Exit
475,Suns,1991-92,53-29,N/A,True,CSF Exit
476,Kings,1991-92,29-53,N/A,False,Not Qualified
477,Nets,1991-92,40-42,N/A,False,FR Exit
478,Trail Blazers,1991-92,57-25,FINALS APPEARANCE,True,Runner Up
479,SuperSonics,1991-92,47-35,N/A,False,CSF Exit
480,Warriors,1991-92,55-27,N/A,True,FR Exit
481,Timberwolves,1991-92,15-67,N/A,False,Not Qualified
482,Timberwolves,1992-93,19-63,N/A,False,Not Qualified
483,Kings,1992-93,25-57,N/A,False,Not Qualified
484,Pacers,1992-93,41-41,N/A,False,FR Exit
485,Nuggets,1992-93,36-46,N/A,False,Not Qualified
486,Rockets,1992-93,55-27,N/A,True,CSF Exit
487,Clippers,1992-93,41-41,N/A,False,FR Exit
488,Spurs,1992-93,49-33,N/A,True,CSF Exit
489,Magic,1992-93,41-41,N/A,False,Not Qualified
490,Heat,1992-93,36-46,N/A,False,Not Qualified
491,Mavericks,1992-93,11-71,N/A,False,Not Qualified
492,Hornets,1992-93,44-38,N/A,False,CSF Exit
493,Cavaliers,1992-93,54-28,N/A,True,CSF Exit
494,Jazz,1992-93,47-35,N/A,False,FR Exit
495,Trail Blazers,1992-93,51-31,N/A,False,FR Exit
496,Nets,1992-93,43-39,N/A,False,FR Exit
497,SuperSonics,1992-93,55-27,N/A,True,CF Exit
498,Pistons,1992-93,40-42,N/A,False,Not Qualified
499,Suns,1992-93,62-20,FINALS APPEARANCE,True,Runner Up
500,Bucks,1992-93,28-54,N/A,False,Not Qualified
501,Bullets,1992-93,22-60,N/A,False,Not Qualified
502,76ers,1992-93,26-56,N/A,False,Not Qualified
503,Hawks,1992-93,43-39,N/A,False,FR Exit
504,Warriors,1992-93,34-48,N/A,False,Not Qualified
505,Lakers,1992-93,39-43,N/A,False,FR Exit
506,Celtics,1992-93,48-34,N/A,False,FR Exit
507,Bulls,1992-93,57-25,LEAGUE CHAMPION,True,Champ
508,Knicks,1992-93,60-22,N/A,True,CF Exit
509,Bullets,1993-94,24-58,N/A,False,Not Qualified
510,Rockets,1993-94,58-24,LEAGUE CHAMPION,True,Champ
511,Kings,1993-94,28-54,N/A,False,Not Qualified
512,Bulls,1993-94,55-27,N/A,True,CSF Exit
513,Trail Blazers,1993-94,47-35,N/A,False,FR Exit
514,Heat,1993-94,42-40,N/A,False,FR Exit
515,Knicks,1993-94,57-25,FINALS APPEARANCE,True,Runner Up
516,Suns,1993-94,56-26,N/A,True,CSF Exit
517,Pacers,1993-94,47-35,N/A,False,CF Exit
518,Celtics,1993-94,32-50,N/A,False,Not Qualified
519,Clippers,1993-94,27-55,N/A,False,Not Qualified
520,Hawks,1993-94,57-25,N/A,True,CSF Exit
521,Timberwolves,1993-94,20-62,N/A,False,Not Qualified
522,Bucks,1993-94,20-62,N/A,False,Not Qualified
523,Hornets,1993-94,41-41,N/A,False,Not Qualified
524,Nets,1993-94,45-37,N/A,False,FR Exit
525,Pistons,1993-94,20-62,N/A,False,Not Qualified
526,Jazz,1993-94,53-29,N/A,True,CF Exit
527,Nuggets,1993-94,42-40,N/A,False,CSF Exit
528,Lakers,1993-94,33-49,N/A,False,Not Qualified
529,SuperSonics,1993-94,63-19,N/A,True,FR Exit
530,Mavericks,1993-94,13-69,N/A,False,Not Qualified
531,Spurs,1993-94,55-27,N/A,True,FR Exit
532,Warriors,1993-94,50-32,N/A,False,FR Exit
533,Magic,1993-94,50-32,N/A,False,FR Exit
534,Cavaliers,1993-94,47-35,N/A,False,FR Exit
535,76ers,1993-94,25-57,N/A,False,Not Qualified
536,Hawks,1994-95,42-40,N/A,False,FR Exit
537,Warriors,1994-95,26-56,N/A,False,Not Qualified
538,76ers,1994-95,24-58,N/A,False,Not Qualified
539,Clippers,1994-95,17-65,N/A,False,Not Qualified
540,Pistons,1994-95,28-54,N/A,False,Not Qualified
541,Celtics,1994-95,35-47,N/A,False,FR Exit
542,Mavericks,1994-95,36-46,N/A,False,Not Qualified
543,Nuggets,1994-95,41-41,N/A,False,FR Exit
544,Bucks,1994-95,34-48,N/A,False,Not Qualified
545,Pacers,1994-95,52-30,N/A,False,CF Exit
546,Lakers,1994-95,48-34,N/A,False,CSF Exit
547,Timberwolves,1994-95,21-61,N/A,False,Not Qualified
548,Hornets,1994-95,50-32,N/A,False,FR Exit
549,Suns,1994-95,59-23,N/A,True,CSF Exit
550,Knicks,1994-95,55-27,N/A,True,CSF Exit
551,Heat,1994-95,32-50,N/A,False,Not Qualified
552,Magic,1994-95,57-25,FINALS APPEARANCE,True,Runner Up
553,Kings,1994-95,39-43,N/A,False,Not Qualified
554,Jazz,1994-95,60-22,N/A,True,FR Exit
555,Rockets,1994-95,47-35,LEAGUE CHAMPION,False,Champ
556,Bulls,1994-95,47-35,N/A,False,CSF Exit
557,Cavaliers,1994-95,43-39,N/A,False,FR Exit
558,SuperSonics,1994-95,57-25,N/A,True,FR Exit
559,Trail Blazers,1994-95,44-38,N/A,False,FR Exit
560,Bullets,1994-95,21-61,N/A,False,Not Qualified
561,Nets,1994-95,30-52,N/A,False,Not Qualified
562,Spurs,1994-95,62-20,N/A,True,CF Exit
563,Pistons,1995-96,46-36,N/A,False,FR Exit
564,Jazz,1995-96,55-27,N/A,True,CF Exit
565,Nuggets,1995-96,35-47,N/A,False,Not Qualified
566,Bucks,1995-96,25-57,N/A,False,Not Qualified
567,Pacers,1995-96,52-30,N/A,False,FR Exit
568,Timberwolves,1995-96,26-56,N/A,False,Not Qualified
569,Rockets,1995-96,48-34,N/A,False,CSF Exit
570,Grizzlies,1995-96,15-67,N/A,False,Not Qualified
571,Lakers,1995-96,53-29,N/A,True,FR Exit
572,Celtics,1995-96,33-49,N/A,False,Not Qualified
573,Heat,1995-96,42-40,N/A,False,FR Exit
574,Spurs,1995-96,59-23,N/A,True,CSF Exit
575,Warriors,1995-96,36-46,N/A,False,Not Qualified
576,Hawks,1995-96,46-36,N/A,False,CSF Exit
577,Bulls,1995-96,72-10,LEAGUE CHAMPION,True,Champ
578,Kings,1995-96,39-43,N/A,False,FR Exit
579,Suns,1995-96,41-41,N/A,False,FR Exit
580,Trail Blazers,1995-96,44-38,N/A,False,FR Exit
581,Nets,1995-96,30-52,N/A,False,Not Qualified
582,Knicks,1995-96,47-35,N/A,False,CSF Exit
583,Cavaliers,1995-96,47-35,N/A,False,FR Exit
584,SuperSonics,1995-96,64-18,FINALS APPEARANCE,True,Runner Up
585,Clippers,1995-96,29-53,N/A,False,Not Qualified
586,Magic,1995-96,60-22,N/A,True,CF Exit
587,Bullets,1995-96,39-43,N/A,False,Not Qualified
588,Mavericks,1995-96,26-56,N/A,False,Not Qualified
589,76ers,1995-96,18-64,N/A,False,Not Qualified
590,Hornets,1995-96,41-41,N/A,False,Not Qualified
591,Raptors,1995-96,21-61,N/A,False,Not Qualified
592,Bucks,1996-97,33-49,N/A,False,Not Qualified
593,Spurs,1996-97,20-62,N/A,False,Not Qualified
594,76ers,1996-97,22-60,N/A,False,Not Qualified
595,Warriors,1996-97,30-52,N/A,False,Not Qualified
596,Suns,1996-97,40-42,N/A,False,FR Exit
597,Pistons,1996-97,54-28,N/A,True,FR Exit
598,Mavericks,1996-97,24-58,N/A,False,Not Qualified
599,Cavaliers,1996-97,42-40,N/A,False,Not Qualified
600,Timberwolves,1996-97,40-42,N/A,False,FR Exit
601,Grizzlies,1996-97,14-68,N/A,False,Not Qualified
602,Bulls,1996-97,69-13,LEAGUE CHAMPION,True,Champ
603,Lakers,1996-97,56-26,N/A,True,CSF Exit
604,Magic,1996-97,45-37,N/A,False,FR Exit
605,SuperSonics,1996-97,57-25,N/A,True,CSF Exit
606,Bullets,1996-97,44-38,N/A,False,FR Exit
607,Pacers,1996-97,39-43,N/A,False,Not Qualified
608,Raptors,1996-97,30-52,N/A,False,Not Qualified
609,Celtics,1996-97,15-67,N/A,False,Not Qualified
610,Clippers,1996-97,36-46,N/A,False,FR Exit
611,Rockets,1996-97,57-25,N/A,False,CF Exit
612,Heat,1996-97,61-21,N/A,True,CF Exit
613,Nuggets,1996-97,21-61,N/A,False,Not Qualified
614,Hornets,1996-97,54-28,N/A,True,FR Exit
615,Hawks,1996-97,56-26,N/A,True,CSF Exit
616,Trail Blazers,1996-97,49-33,N/A,False,FR Exit
617,Kings,1996-97,34-48,N/A,False,Not Qualified
618,Jazz,1996-97,64-18,FINALS APPEARANCE,True,Runner Up
619,Nets,1996-97,26-56,N/A,False,Not Qualified
620,Knicks,1996-97,57-25,N/A,True,CSF Exit
621,Warriors,1997-98,19-63,N/A,False,Not Qualified
622,Magic,1997-98,41-41,N/A,False,Not Qualified
623,Jazz,1997-98,62-20,FINALS APPEARANCE,True,Runner Up
624,Hawks,1997-98,50-32,N/A,False,FR Exit
625,Wizards,1997-98,42-40,N/A,False,Not Qualified
626,Rockets,1997-98,41-41,N/A,False,FR Exit
627,Clippers,1997-98,17-65,N/A,False,Not Qualified
628,Timberwolves,1997-98,45-37,N/A,False,FR Exit
629,Heat,1997-98,55-27,N/A,True,FR Exit
630,Trail Blazers,1997-98,46-36,N/A,False,FR Exit
631,SuperSonics,1997-98,61-21,N/A,True,CSF Exit
632,Bucks,1997-98,36-46,N/A,False,Not Qualified
633,Bulls,1997-98,62-20,LEAGUE CHAMPION,True,Champ
634,Cavaliers,1997-98,47-35,N/A,False,FR Exit
635,Nuggets,1997-98,11-71,N/A,False,Not Qualified
636,76ers,1997-98,31-51,N/A,False,Not Qualified
637,Kings,1997-98,27-55,N/A,False,Not Qualified
638,Pistons,1997-98,37-45,N/A,False,Not Qualified
639,Nets,1997-98,43-39,N/A,False,FR Exit
640,Pacers,1997-98,58-24,N/A,True,CF Exit
641,Lakers,1997-98,61-21,N/A,True,CF Exit
642,Knicks,1997-98,43-39,N/A,False,CSF Exit
643,Spurs,1997-98,56-26,N/A,True,CSF Exit
644,Suns,1997-98,56-26,N/A,True,FR Exit
645,Mavericks,1997-98,20-62,N/A,False,Not Qualified
646,Hornets,1997-98,51-31,N/A,False,CSF Exit
647,Raptors,1997-98,16-66,N/A,False,Not Qualified
648,Celtics,1997-98,36-46,N/A,False,Not Qualified
649,Grizzlies,1997-98,19-63,N/A,False,Not Qualified
650,Suns,1998-99,27-23,N/A,False,FR Exit
651,Spurs,1998-99,37-13,LEAGUE CHAMPION,True,Champ
652,Celtics,1998-99,19-31,N/A,False,Not Qualified
653,Timberwolves,1998-99,25-25,N/A,False,FR Exit
654,Pistons,1998-99,29-21,N/A,False,FR Exit
655,SuperSonics,1998-99,25-25,N/A,False,Not Qualified
656,Hawks,1998-99,31-19,N/A,False,CSF Exit
657,Clippers,1998-99,9-41,N/A,False,Not Qualified
658,Bucks,1998-99,28-22,N/A,False,FR Exit
659,Nets,1998-99,16-34,N/A,False,Not Qualified
660,Heat,1998-99,33-17,N/A,True,FR Exit
661,Rockets,1998-99,31-19,N/A,False,FR Exit
662,Hornets,1998-99,26-24,N/A,False,Not Qualified
663,Bulls,1998-99,13-37,N/A,False,Not Qualified
664,Wizards,1998-99,18-32,N/A,False,Not Qualified
665,Trail Blazers,1998-99,35-15,N/A,True,CF Exit
666,Nuggets,1998-99,14-36,N/A,False,Not Qualified
667,Raptors,1998-99,23-27,N/A,False,Not Qualified
668,Magic,1998-99,33-17,N/A,True,FR Exit
669,Mavericks,1998-99,19-31,N/A,False,Not Qualified
670,Kings,1998-99,27-23,N/A,False,FR Exit
671,Warriors,1998-99,21-29,N/A,False,Not Qualified
672,Knicks,1998-99,27-23,FINALS APPEARANCE,False,Runner Up
673,76ers,1998-99,28-22,N/A,False,CSF Exit
674,Pacers,1998-99,33-17,N/A,True,CF Exit
675,Lakers,1998-99,31-19,N/A,False,CSF Exit
676,Cavaliers,1998-99,22-28,N/A,False,Not Qualified
677,Jazz,1998-99,37-13,N/A,True,CSF Exit
678,Grizzlies,1998-99,8-42,N/A,False,Not Qualified
679,Pacers,1999-00,56-26,FINALS APPEARANCE,True,Runner Up
680,Jazz,1999-00,55-27,N/A,True,CSF Exit
681,Kings,1999-00,44-38,N/A,False,FR Exit
682,Celtics,1999-00,35-47,N/A,False,Not Qualified
683,Trail Blazers,1999-00,59-23,N/A,True,CF Exit
684,Nets,1999-00,31-51,N/A,False,Not Qualified
685,Wizards,1999-00,29-53,N/A,False,Not Qualified
686,Knicks,1999-00,50-32,N/A,False,CF Exit
687,Bulls,1999-00,17-65,N/A,False,Not Qualified
688,Magic,1999-00,41-41,N/A,False,Not Qualified
689,Raptors,1999-00,45-37,N/A,False,FR Exit
690,Nuggets,1999-00,35-47,N/A,False,Not Qualified
691,Mavericks,1999-00,40-42,N/A,False,Not Qualified
692,Grizzlies,1999-00,22-60,N/A,False,Not Qualified
693,Warriors,1999-00,19-63,N/A,False,Not Qualified
694,Lakers,1999-00,67-15,LEAGUE CHAMPION,True,Champ
695,Clippers,1999-00,15-67,N/A,False,Not Qualified
696,Cavaliers,1999-00,32-50,N/A,False,Not Qualified
697,Timberwolves,1999-00,50-32,N/A,True,FR Exit
698,Pistons,1999-00,42-40,N/A,False,FR Exit
699,Suns,1999-00,53-29,N/A,True,CSF Exit
700,Spurs,1999-00,53-29,N/A,False,FR Exit
701,76ers,1999-00,49-33,N/A,False,CSF Exit
702,Rockets,1999-00,34-48,N/A,False,Not Qualified
703,SuperSonics,1999-00,45-37,N/A,False,FR Exit
704,Bucks,1999-00,42-40,N/A,False,FR Exit
705,Hawks,1999-00,28-54,N/A,False,Not Qualified
706,Hornets,1999-00,49-33,N/A,False,FR Exit
707,Heat,1999-00,52-30,N/A,False,CSF Exit
708,Clippers,2000-01,31-51,N/A,False,Not Qualified
709,Nets,2000-01,26-56,N/A,False,Not Qualified
710,Trail Blazers,2000-01,50-32,N/A,True,FR Exit
711,Kings,2000-01,55-27,N/A,True,CSF Exit
712,Bulls,2000-01,15-67,N/A,False,Not Qualified
713,SuperSonics,2000-01,44-38,N/A,False,Not Qualified
714,76ers,2000-01,56-26,FINALS APPEARANCE,True,Runner Up
715,Suns,2000-01,51-31,N/A,False,FR Exit
716,Cavaliers,2000-01,30-52,N/A,False,Not Qualified
717,Grizzlies,2000-01,23-59,N/A,False,Not Qualified
718,Mavericks,2000-01,53-29,N/A,False,CSF Exit
719,Magic,2000-01,43-39,N/A,False,FR Exit
720,Heat,2000-01,50-32,N/A,False,FR Exit
721,Knicks,2000-01,48-34,N/A,False,FR Exit
722,Nuggets,2000-01,40-42,N/A,False,Not Qualified
723,Raptors,2000-01,47-35,N/A,False,CSF Exit
724,Hornets,2000-01,46-36,N/A,False,CSF Exit
725,Bucks,2000-01,52-30,N/A,True,CF Exit
726,Pacers,2000-01,41-41,N/A,False,FR Exit
727,Wizards,2000-01,19-63,N/A,False,Not Qualified
728,Rockets,2000-01,45-37,N/A,False,Not Qualified
729,Spurs,2000-01,58-24,N/A,True,CF Exit
730,Celtics,2000-01,36-46,N/A,False,Not Qualified
731,Timberwolves,2000-01,47-35,N/A,False,FR Exit
732,Hawks,2000-01,25-57,N/A,False,Not Qualified
733,Pistons,2000-01,32-50,N/A,False,Not Qualified
734,Jazz,2000-01,53-29,N/A,True,FR Exit
735,Lakers,2000-01,56-26,LEAGUE CHAMPION,True,Champ
736,Warriors,2000-01,17-65,N/A,False,Not Qualified
737,Timberwolves,2001-02,50-32,N/A,False,FR Exit
738,Magic,2001-02,44-38,N/A,False,FR Exit
739,Mavericks,2001-02,57-25,N/A,True,CSF Exit
740,Bulls,2001-02,21-61,N/A,False,Not Qualified
741,Bucks,2001-02,41-41,N/A,False,Not Qualified
742,Hornets,2001-02,44-38,N/A,False,CSF Exit
743,Nuggets,2001-02,27-55,N/A,False,Not Qualified
744,SuperSonics,2001-02,45-37,N/A,False,FR Exit
745,Cavaliers,2001-02,29-53,N/A,False,Not Qualified
746,Warriors,2001-02,21-61,N/A,False,Not Qualified
747,76ers,2001-02,43-39,N/A,False,FR Exit
748,Spurs,2001-02,58-24,N/A,True,CSF Exit
749,Grizzlies,2001-02,23-59,N/A,False,Not Qualified
750,Lakers,2001-02,58-24,LEAGUE CHAMPION,True,Champ
751,Suns,2001-02,36-46,N/A,False,Not Qualified
752,Pistons,2001-02,50-32,N/A,False,CSF Exit
753,Nets,2001-02,52-30,FINALS APPEARANCE,False,Runner Up
754,Rockets,2001-02,28-54,N/A,False,Not Qualified
755,Raptors,2001-02,42-40,N/A,False,FR Exit
756,Wizards,2001-02,37-45,N/A,False,Not Qualified
757,Jazz,2001-02,44-38,N/A,False,FR Exit
758,Celtics,2001-02,49-33,N/A,False,CF Exit
759,Kings,2001-02,61-21,N/A,True,CF Exit
760,Hawks,2001-02,33-49,N/A,False,Not Qualified
761,Knicks,2001-02,30-52,N/A,False,Not Qualified
762,Pacers,2001-02,42-40,N/A,False,FR Exit
763,Clippers,2001-02,39-43,N/A,False,Not Qualified
764,Heat,2001-02,36-46,N/A,False,Not Qualified
765,Trail Blazers,2001-02,49-33,N/A,False,FR Exit
766,Pistons,2002-03,50-32,N/A,False,CF Exit
767,Cavaliers,2002-03,17-65,N/A,False,Not Qualified
768,Nets,2002-03,49-33,FINALS APPEARANCE,False,Runner Up
769,Clippers,2002-03,27-55,N/A,False,Not Qualified
770,Jazz,2002-03,47-35,N/A,False,FR Exit
771,Wizards,2002-03,37-45,N/A,False,Not Qualified
772,Lakers,2002-03,50-32,N/A,True,CSF Exit
773,Hornets,2002-03,47-35,N/A,False,FR Exit
774,Nuggets,2002-03,17-65,N/A,False,Not Qualified
775,Magic,2002-03,42-40,N/A,False,FR Exit
776,Raptors,2002-03,24-58,N/A,False,Not Qualified
777,Timberwolves,2002-03,51-31,N/A,False,FR Exit
778,Mavericks,2002-03,60-22,N/A,True,CF Exit
779,Knicks,2002-03,37-45,N/A,False,Not Qualified
780,Warriors,2002-03,38-44,N/A,False,Not Qualified
781,Hawks,2002-03,35-47,N/A,False,Not Qualified
782,Heat,2002-03,25-57,N/A,False,Not Qualified
783,Celtics,2002-03,44-38,N/A,False,CSF Exit
784,Bulls,2002-03,30-52,N/A,False,Not Qualified
785,Kings,2002-03,59-23,N/A,True,CSF Exit
786,Grizzlies,2002-03,28-54,N/A,False,Not Qualified
787,SuperSonics,2002-03,40-42,N/A,False,Not Qualified
788,Suns,2002-03,44-38,N/A,False,FR Exit
789,Spurs,2002-03,60-22,LEAGUE CHAMPION,True,Champ
790,Rockets,2002-03,43-39,N/A,False,Not Qualified
791,Pacers,2002-03,48-34,N/A,False,FR Exit
792,76ers,2002-03,48-34,N/A,False,CSF Exit
793,Trail Blazers,2002-03,50-32,N/A,True,FR Exit
794,Bucks,2002-03,42-40,N/A,False,FR Exit
795,Pacers,2003-04,61-21,N/A,True,CF Exit
796,Mavericks,2003-04,52-30,N/A,False,FR Exit
797,Jazz,2003-04,42-40,N/A,False,Not Qualified
798,Bucks,2003-04,41-41,N/A,False,FR Exit
799,Bulls,2003-04,23-59,N/A,False,Not Qualified
800,Heat,2003-04,42-40,N/A,False,CSF Exit
801,Wizards,2003-04,25-57,N/A,False,Not Qualified
802,Grizzlies,2003-04,50-32,N/A,True,FR Exit
803,Nuggets,2003-04,43-39,N/A,False,FR Exit
804,Trail Blazers,2003-04,41-41,N/A,False,Not Qualified
805,Lakers,2003-04,56-26,FINALS APPEARANCE,False,Runner Up
806,Nets,2003-04,47-35,N/A,False,CSF Exit
807,Knicks,2003-04,39-43,N/A,False,FR Exit
808,Spurs,2003-04,57-25,N/A,True,CSF Exit
809,SuperSonics,2003-04,37-45,N/A,False,Not Qualified
810,Hornets,2003-04,41-41,N/A,False,FR Exit
811,76ers,2003-04,33-49,N/A,False,Not Qualified
812,Cavaliers,2003-04,35-47,N/A,False,Not Qualified
813,Celtics,2003-04,36-46,N/A,False,FR Exit
814,Hawks,2003-04,28-54,N/A,False,Not Qualified
815,Pistons,2003-04,54-28,LEAGUE CHAMPION,True,Champ
816,Kings,2003-04,55-27,N/A,True,CSF Exit
817,Suns,2003-04,29-53,N/A,False,Not Qualified
818,Timberwolves,2003-04,58-24,N/A,True,CF Exit
819,Raptors,2003-04,33-49,N/A,False,Not Qualified
820,Rockets,2003-04,45-37,N/A,False,FR Exit
821,Magic,2003-04,21-61,N/A,False,Not Qualified
822,Clippers,2003-04,28-54,N/A,False,Not Qualified
823,Warriors,2003-04,37-45,N/A,False,Not Qualified
824,Warriors,2004-05,34-48,N/A,False,Not Qualified
825,Grizzlies,2004-05,45-37,N/A,False,FR Exit
826,Pacers,2004-05,44-38,N/A,False,CSF Exit
827,Celtics,2004-05,45-37,N/A,False,FR Exit
828,Bulls,2004-05,47-35,N/A,True,FR Exit
829,Wizards,2004-05,45-37,N/A,False,CSF Exit
830,Jazz,2004-05,26-56,N/A,False,Not Qualified
831,Bobcats,2004-05,18-64,N/A,False,Not Qualified
832,Heat,2004-05,59-23,N/A,True,CF Exit
833,Clippers,2004-05,37-45,N/A,False,Not Qualified
834,Rockets,2004-05,51-31,N/A,True,FR Exit
835,Pistons,2004-05,54-28,FINALS APPEARANCE,True,Runner Up
836,Lakers,2004-05,34-48,N/A,False,Not Qualified
837,Knicks,2004-05,33-49,N/A,False,Not Qualified
838,Trail Blazers,2004-05,27-55,N/A,False,Not Qualified
839,Nuggets,2004-05,49-33,N/A,False,FR Exit
840,Timberwolves,2004-05,44-38,N/A,False,Not Qualified
841,Bucks,2004-05,30-52,N/A,False,Not Qualified
842,Spurs,2004-05,59-23,LEAGUE CHAMPION,True,Champ
843,Hornets,2004-05,18-64,N/A,False,Not Qualified
844,Hawks,2004-05,13-69,N/A,False,Not Qualified
845,Magic,2004-05,36-46,N/A,False,Not Qualified
846,Kings,2004-05,50-32,N/A,False,FR Exit
847,Raptors,2004-05,33-49,N/A,False,Not Qualified
848,Mavericks,2004-05,58-24,N/A,True,CSF Exit
849,SuperSonics,2004-05,52-30,N/A,True,CSF Exit
850,Cavaliers,2004-05,42-40,N/A,False,Not Qualified
851,76ers,2004-05,43-39,N/A,False,FR Exit
852,Nets,2004-05,42-40,N/A,False,FR Exit
853,Suns,2004-05,62-20,N/A,True,CF Exit
854,SuperSonics,2005-06,35-47,N/A,False,Not Qualified
855,Bulls,2005-06,41-41,N/A,False,FR Exit
856,Heat,2005-06,52-30,LEAGUE CHAMPION,True,Champ
857,Raptors,2005-06,27-55,N/A,False,Not Qualified
858,Lakers,2005-06,45-37,N/A,False,FR Exit
859,Nuggets,2005-06,44-38,N/A,False,FR Exit
860,Timberwolves,2005-06,33-49,N/A,False,Not Qualified
861,Spurs,2005-06,63-19,N/A,True,CSF Exit
862,Suns,2005-06,54-28,N/A,True,CF Exit
863,Warriors,2005-06,34-48,N/A,False,Not Qualified
864,Nets,2005-06,49-33,N/A,True,CSF Exit
865,Rockets,2005-06,34-48,N/A,False,Not Qualified
866,Clippers,2005-06,47-35,N/A,False,CSF Exit
867,Mavericks,2005-06,60-22,FINALS APPEARANCE,True,Runner Up
868,Jazz,2005-06,41-41,N/A,False,Not Qualified
869,Wizards,2005-06,42-40,N/A,False,FR Exit
870,Hawks,2005-06,26-56,N/A,False,Not Qualified
871,Trail Blazers,2005-06,21-61,N/A,False,Not Qualified
872,Hornets,2005-06,38-44,N/A,False,Not Qualified
873,Pistons,2005-06,64-18,N/A,True,CF Exit
874,Kings,2005-06,44-38,N/A,False,FR Exit
875,Pacers,2005-06,41-41,N/A,False,FR Exit
876,Bucks,2005-06,40-42,N/A,False,FR Exit
877,Knicks,2005-06,23-59,N/A,False,Not Qualified
878,Cavaliers,2005-06,50-32,N/A,False,CSF Exit
879,Celtics,2005-06,33-49,N/A,False,Not Qualified
880,Magic,2005-06,36-46,N/A,False,Not Qualified
881,76ers,2005-06,38-44,N/A,False,Not Qualified
882,Bobcats,2005-06,26-56,N/A,False,Not Qualified
883,Grizzlies,2005-06,49-33,N/A,False,FR Exit
884,Pacers,2006-07,35-47,N/A,False,Not Qualified
885,Warriors,2006-07,42-40,N/A,False,CSF Exit
886,Bucks,2006-07,28-54,N/A,False,Not Qualified
887,Nets,2006-07,41-41,N/A,False,CSF Exit
888,Suns,2006-07,61-21,N/A,True,CSF Exit
889,Bobcats,2006-07,33-49,N/A,False,Not Qualified
890,Knicks,2006-07,33-49,N/A,False,Not Qualified
891,Rockets,2006-07,52-30,N/A,False,FR Exit
892,Jazz,2006-07,51-31,N/A,True,CF Exit
893,Mavericks,2006-07,67-15,N/A,True,FR Exit
894,Wizards,2006-07,41-41,N/A,False,FR Exit
895,Kings,2006-07,33-49,N/A,False,Not Qualified
896,Hawks,2006-07,30-52,N/A,False,Not Qualified
897,SuperSonics,2006-07,31-51,N/A,False,Not Qualified
898,Clippers,2006-07,40-42,N/A,False,Not Qualified
899,76ers,2006-07,35-47,N/A,False,Not Qualified
900,Timberwolves,2006-07,32-50,N/A,False,Not Qualified
901,Magic,2006-07,40-42,N/A,False,FR Exit
902,Cavaliers,2006-07,50-32,FINALS APPEARANCE,False,Runner Up
903,Celtics,2006-07,24-58,N/A,False,Not Qualified
904,Nuggets,2006-07,45-37,N/A,False,FR Exit
905,Hornets,2006-07,39-43,N/A,False,Not Qualified
906,Raptors,2006-07,47-35,N/A,True,FR Exit
907,Heat,2006-07,44-38,N/A,False,FR Exit
908,Lakers,2006-07,42-40,N/A,False,FR Exit
909,Trail Blazers,2006-07,32-50,N/A,False,Not Qualified
910,Bulls,2006-07,49-33,N/A,False,CSF Exit
911,Pistons,2006-07,53-29,N/A,True,CF Exit
912,Grizzlies,2006-07,22-60,N/A,False,Not Qualified
913,Spurs,2006-07,58-24,LEAGUE CHAMPION,True,Champ
914,Spurs,2007-08,56-26,N/A,True,CF Exit
915,Hawks,2007-08,37-45,N/A,False,FR Exit
916,Bobcats,2007-08,32-50,N/A,False,Not Qualified
917,Kings,2007-08,38-44,N/A,False,Not Qualified
918,Grizzlies,2007-08,22-60,N/A,False,Not Qualified
919,Jazz,2007-08,54-28,N/A,True,CSF Exit
920,Celtics,2007-08,66-16,LEAGUE CHAMPION,True,Champ
921,Warriors,2007-08,48-34,N/A,True,Not Qualified
922,Timberwolves,2007-08,22-60,N/A,False,Not Qualified
923,Bucks,2007-08,26-56,N/A,False,Not Qualified
924,Suns,2007-08,55-27,N/A,False,FR Exit
925,Nets,2007-08,34-48,N/A,False,Not Qualified
926,Pistons,2007-08,59-23,N/A,True,CF Exit
927,Lakers,2007-08,57-25,FINALS APPEARANCE,True,Runner Up
928,Pacers,2007-08,36-46,N/A,False,Not Qualified
929,Raptors,2007-08,41-41,N/A,False,FR Exit
930,Rockets,2007-08,55-27,N/A,True,FR Exit
931,Knicks,2007-08,23-59,N/A,False,Not Qualified
932,Nuggets,2007-08,50-32,N/A,False,FR Exit
933,Clippers,2007-08,23-59,N/A,False,Not Qualified
934,SuperSonics,2007-08,20-62,N/A,False,Not Qualified
935,Mavericks,2007-08,51-31,N/A,False,FR Exit
936,Heat,2007-08,15-67,N/A,False,Not Qualified
937,76ers,2007-08,40-42,N/A,False,FR Exit
938,Cavaliers,2007-08,45-37,N/A,False,CSF Exit
939,Bulls,2007-08,33-49,N/A,False,Not Qualified
940,Trail Blazers,2007-08,41-41,N/A,False,Not Qualified
941,Wizards,2007-08,43-39,N/A,False,FR Exit
942,Hornets,2007-08,56-26,N/A,True,CSF Exit
943,Magic,2007-08,52-30,N/A,False,CSF Exit
944,Nuggets,2008-09,54-28,N/A,True,CF Exit
945,Pistons,2008-09,39-43,N/A,False,FR Exit
946,Warriors,2008-09,29-53,N/A,False,Not Qualified
947,Grizzlies,2008-09,24-58,N/A,False,Not Qualified
948,Trail Blazers,2008-09,54-28,N/A,False,FR Exit
949,Heat,2008-09,43-39,N/A,False,FR Exit
950,Spurs,2008-09,54-28,N/A,True,FR Exit
951,Bobcats,2008-09,35-47,N/A,False,Not Qualified
952,Magic,2008-09,59-23,FINALS APPEARANCE,True,Runner Up
953,Lakers,2008-09,65-17,LEAGUE CHAMPION,True,Champ
954,Hornets,2008-09,49-33,N/A,False,FR Exit
955,Knicks,2008-09,32-50,N/A,False,Not Qualified
956,Celtics,2008-09,62-20,N/A,True,CSF Exit
957,Clippers,2008-09,19-63,N/A,False,Not Qualified
958,Thunder,2008-09,23-59,N/A,False,Not Qualified
959,Kings,2008-09,17-65,N/A,False,Not Qualified
960,76ers,2008-09,41-41,N/A,False,FR Exit
961,Bulls,2008-09,41-41,N/A,False,FR Exit
962,Raptors,2008-09,33-49,N/A,False,Not Qualified
963,Cavaliers,2008-09,66-16,N/A,True,CF Exit
964,Nets,2008-09,34-48,N/A,False,Not Qualified
965,Bucks,2008-09,34-48,N/A,False,Not Qualified
966,Suns,2008-09,46-36,N/A,False,Not Qualified
967,Timberwolves,2008-09,24-58,N/A,False,Not Qualified
968,Pacers,2008-09,36-46,N/A,False,Not Qualified
969,Mavericks,2008-09,50-32,N/A,False,CSF Exit
970,Rockets,2008-09,53-29,N/A,False,CSF Exit
971,Hawks,2008-09,47-35,N/A,False,CSF Exit
972,Wizards,2008-09,19-63,N/A,False,Not Qualified
973,Jazz,2008-09,48-34,N/A,False,FR Exit
974,Clippers,2009-10,29-53,N/A,False,Not Qualified
975,Lakers,2009-10,57-25,LEAGUE CHAMPION,True,Champ
976,Pistons,2009-10,27-55,N/A,False,Not Qualified
977,Rockets,2009-10,42-40,N/A,False,Not Qualified
978,Warriors,2009-10,26-56,N/A,False,Not Qualified
979,Heat,2009-10,47-35,N/A,False,FR Exit
980,Spurs,2009-10,50-32,N/A,False,CSF Exit
981,Bobcats,2009-10,44-38,N/A,False,FR Exit
982,Jazz,2009-10,53-29,N/A,True,CSF Exit
983,Timberwolves,2009-10,15-67,N/A,False,Not Qualified
984,Celtics,2009-10,50-32,FINALS APPEARANCE,False,Runner Up
985,76ers,2009-10,27-55,N/A,False,Not Qualified
986,Pacers,2009-10,32-50,N/A,False,Not Qualified
987,Thunder,2009-10,50-32,N/A,False,FR Exit
988,Wizards,2009-10,26-56,N/A,False,Not Qualified
989,Kings,2009-10,25-57,N/A,False,Not Qualified
990,Bulls,2009-10,41-41,N/A,False,FR Exit
991,Hornets,2009-10,37-45,N/A,False,Not Qualified
992,Cavaliers,2009-10,61-21,N/A,True,CSF Exit
993,Nets,2009-10,12-70,N/A,False,Not Qualified
994,Hawks,2009-10,53-29,N/A,False,CSF Exit
995,Bucks,2009-10,46-36,N/A,False,FR Exit
996,Suns,2009-10,54-28,N/A,False,CF Exit
997,Mavericks,2009-10,55-27,N/A,True,FR Exit
998,Raptors,2009-10,40-42,N/A,False,Not Qualified
999,Grizzlies,2009-10,40-42,N/A,False,Not Qualified
1000,Nuggets,2009-10,53-29,N/A,True,FR Exit
1001,Knicks,2009-10,29-53,N/A,False,Not Qualified
1002,Magic,2009-10,59-23,N/A,True,CF Exit
1003,Trail Blazers,2009-10,50-32,N/A,False,FR Exit
1004,Bucks,2010-11,35-47,N/A,False,Not Qualified
1005,Rockets,2010-11,43-39,N/A,False,Not Qualified
1006,Trail Blazers,2010-11,48-34,N/A,False,FR Exit
1007,Heat,2010-11,58-24,FINALS APPEARANCE,True,Runner Up
1008,Spurs,2010-11,61-21,N/A,True,FR Exit
1009,Magic,2010-11,52-30,N/A,False,FR Exit
1010,Jazz,2010-11,39-43,N/A,False,Not Qualified
1011,Timberwolves,2010-11,17-65,N/A,False,Not Qualified
1012,Knicks,2010-11,42-40,N/A,False,FR Exit
1013,Celtics,2010-11,56-26,N/A,True,CSF Exit
1014,76ers,2010-11,41-41,N/A,False,FR Exit
1015,Wizards,2010-11,23-59,N/A,False,Not Qualified
1016,Pacers,2010-11,37-45,N/A,False,FR Exit
1017,Warriors,2010-11,36-46,N/A,False,Not Qualified
1018,Lakers,2010-11,57-25,N/A,True,CSF Exit
1019,Kings,2010-11,24-58,N/A,False,Not Qualified
1020,Hornets,2010-11,46-36,N/A,False,FR Exit
1021,Bulls,2010-11,62-20,N/A,True,CF Exit
1022,Cavaliers,2010-11,19-63,N/A,False,Not Qualified
1023,Hawks,2010-11,44-38,N/A,False,CSF Exit
1024,Nets,2010-11,24-58,N/A,False,Not Qualified
1025,Clippers,2010-11,32-50,N/A,False,Not Qualified
1026,Suns,2010-11,40-42,N/A,False,Not Qualified
1027,Mavericks,2010-11,57-25,LEAGUE CHAMPION,True,Champ
1028,Raptors,2010-11,22-60,N/A,False,Not Qualified
1029,Thunder,2010-11,55-27,N/A,True,CF Exit
1030,Nuggets,2010-11,50-32,N/A,False,FR Exit
1031,Grizzlies,2010-11,46-36,N/A,False,CSF Exit
1032,Bobcats,2010-11,34-48,N/A,False,Not Qualified
1033,Pistons,2010-11,30-52,N/A,False,Not Qualified
1034,76ers,2011-12,35-31,N/A,False,CSF Exit
1035,Celtics,2011-12,39-27,N/A,False,CF Exit
1036,Mavericks,2011-12,36-30,N/A,False,FR Exit
1037,Heat,2011-12,46-20,LEAGUE CHAMPION,True,Champ
1038,Wizards,2011-12,20-46,N/A,False,Not Qualified
1039,Rockets,2011-12,34-32,N/A,False,Not Qualified
1040,Jazz,2011-12,36-30,N/A,False,FR Exit
1041,Cavaliers,2011-12,21-45,N/A,False,Not Qualified
1042,Bobcats,2011-12,7-59,N/A,False,Not Qualified
1043,Nets,2011-12,22-44,N/A,False,Not Qualified
1044,Thunder,2011-12,47-19,FINALS APPEARANCE,True,Runner Up
1045,Hornets,2011-12,21-45,N/A,False,Not Qualified
1046,Timberwolves,2011-12,26-40,N/A,False,Not Qualified
1047,Bulls,2011-12,50-16,N/A,True,FR Exit
1048,Hawks,2011-12,40-26,N/A,False,FR Exit
1049,Grizzlies,2011-12,41-25,N/A,False,FR Exit
1050,Kings,2011-12,22-44,N/A,False,Not Qualified
1051,Knicks,2011-12,36-30,N/A,False,FR Exit
1052,Magic,2011-12,37-29,N/A,False,FR Exit
1053,Bucks,2011-12,31-35,N/A,False,Not Qualified
1054,Trail Blazers,2011-12,28-38,N/A,False,Not Qualified
1055,Clippers,2011-12,40-26,N/A,False,CSF Exit
1056,Pistons,2011-12,25-41,N/A,False,Not Qualified
1057,Suns,2011-12,33-33,N/A,False,Not Qualified
1058,Lakers,2011-12,41-25,N/A,False,CSF Exit
1059,Pacers,2011-12,42-24,N/A,False,CSF Exit
1060,Spurs,2011-12,50-16,N/A,True,CF Exit
1061,Warriors,2011-12,23-43,N/A,False,Not Qualified
1062,Raptors,2011-12,23-43,N/A,False,Not Qualified
1063,Nuggets,2011-12,38-28,N/A,False,FR Exit
1064,Kings,2012-13,28-54,N/A,False,Not Qualified
1065,Celtics,2012-13,41-40,N/A,False,FR Exit
1066,Bobcats,2012-13,21-61,N/A,False,Not Qualified
1067,Lakers,2012-13,45-37,N/A,False,FR Exit
1068,Heat,2012-13,66-16,LEAGUE CHAMPION,True,Champ
1069,76ers,2012-13,34-48,N/A,False,Not Qualified
1070,Rockets,2012-13,45-37,N/A,False,FR Exit
1071,Clippers,2012-13,56-26,N/A,True,FR Exit
1072,Hornets,2012-13,27-55,N/A,False,Not Qualified
1073,Wizards,2012-13,29-53,N/A,False,Not Qualified
1074,Bulls,2012-13,45-37,N/A,False,CSF Exit
1075,Pacers,2012-13,49-32,N/A,True,CF Exit
1076,Trail Blazers,2012-13,33-49,N/A,False,Not Qualified
1077,Thunder,2012-13,60-22,N/A,True,CSF Exit
1078,Bucks,2012-13,38-44,N/A,False,FR Exit
1079,Nuggets,2012-13,57-25,N/A,True,FR Exit
1080,Spurs,2012-13,58-24,FINALS APPEARANCE,True,Runner Up
1081,Knicks,2012-13,54-28,N/A,False,CSF Exit
1082,Warriors,2012-13,47-35,N/A,False,CSF Exit
1083,Grizzlies,2012-13,56-26,N/A,True,CF Exit
1084,Mavericks,2012-13,41-41,N/A,False,Not Qualified
1085,Raptors,2012-13,34-48,N/A,False,Not Qualified
1086,Pistons,2012-13,29-53,N/A,False,Not Qualified
1087,Jazz,2012-13,43-39,N/A,False,Not Qualified
1088,Cavaliers,2012-13,24-58,N/A,False,Not Qualified
1089,Magic,2012-13,20-62,N/A,False,Not Qualified
1090,Nets,2012-13,49-33,N/A,False,FR Exit
1091,Timberwolves,2012-13,31-51,N/A,False,Not Qualified
1092,Hawks,2012-13,44-38,N/A,False,FR Exit
1093,Suns,2012-13,25-57,N/A,False,Not Qualified
1094,Cavaliers,2013-14,33-49,N/A,False,Not Qualified
1095,Kings,2013-14,28-54,N/A,False,Not Qualified
1096,Clippers,2013-14,57-25,N/A,True,CSF Exit
1097,Raptors,2013-14,48-34,N/A,False,FR Exit
1098,Bulls,2013-14,48-34,N/A,False,FR Exit
1099,Bucks,2013-14,15-67,N/A,False,Not Qualified
1100,Nuggets,2013-14,36-46,N/A,False,Not Qualified
1101,Lakers,2013-14,27-55,N/A,False,Not Qualified
1102,Mavericks,2013-14,49-33,N/A,False,FR Exit
1103,Hawks,2013-14,38-44,N/A,False,FR Exit
1104,Rockets,2013-14,54-28,N/A,True,FR Exit
1105,Nets,2013-14,44-38,N/A,False,CSF Exit
1106,Bobcats,2013-14,43-39,N/A,False,FR Exit
1107,Suns,2013-14,48-34,N/A,False,Not Qualified
1108,Magic,2013-14,23-59,N/A,False,Not Qualified
1109,Thunder,2013-14,59-23,N/A,True,CF Exit
1110,Trail Blazers,2013-14,54-28,N/A,True,CSF Exit
1111,Pelicans,2013-14,34-48,N/A,False,Not Qualified
1112,76ers,2013-14,19-63,N/A,False,Not Qualified
1113,Jazz,2013-14,25-57,N/A,False,Not Qualified
1114,Celtics,2013-14,25-57,N/A,False,Not Qualified
1115,Wizards,2013-14,44-38,N/A,False,CSF Exit
1116,Grizzlies,2013-14,50-32,N/A,True,FR Exit
1117,Warriors,2013-14,51-31,N/A,False,FR Exit
1118,Heat,2013-14,54-28,FINALS APPEARANCE,True,Runner Up
1119,Timberwolves,2013-14,40-42,N/A,False,Not Qualified
1120,Pacers,2013-14,56-26,N/A,True,CF Exit
1121,Pistons,2013-14,29-53,N/A,False,Not Qualified
1122,Spurs,2013-14,62-20,LEAGUE CHAMPION,True,Champ
1123,Knicks,2013-14,37-45,N/A,False,Not Qualified
1124,Nuggets,2014-15,30-52,N/A,False,Not Qualified
1125,Thunder,2014-15,45-37,N/A,False,Not Qualified
1126,Nets,2014-15,38-44,N/A,False,FR Exit
1127,Magic,2014-15,25-57,N/A,False,Not Qualified
1128,Hawks,2014-15,60-22,N/A,True,CF Exit
1129,Mavericks,2014-15,50-32,N/A,False,FR Exit
1130,Bucks,2014-15,41-41,N/A,False,FR Exit
1131,Pelicans,2014-15,45-37,N/A,False,FR Exit
1132,Spurs,2014-15,55-27,N/A,False,FR Exit
1133,Jazz,2014-15,38-44,N/A,False,Not Qualified
1134,Warriors,2014-15,67-15,LEAGUE CHAMPION,True,Champ
1135,Suns,2014-15,39-43,N/A,False,Not Qualified
1136,Grizzlies,2014-15,55-27,N/A,True,CSF Exit
1137,Raptors,2014-15,49-33,N/A,False,FR Exit
1138,Wizards,2014-15,46-36,N/A,False,CSF Exit
1139,Cavaliers,2014-15,53-29,FINALS APPEARANCE,True,Runner Up
1140,Pistons,2014-15,32-50,N/A,False,Not Qualified
1141,Hornets,2014-15,33-49,N/A,False,Not Qualified
1142,76ers,2014-15,18-64,N/A,False,Not Qualified
1143,Trail Blazers,2014-15,51-31,N/A,True,FR Exit
1144,Knicks,2014-15,17-65,N/A,False,Not Qualified
1145,Heat,2014-15,37-45,N/A,False,Not Qualified
1146,Rockets,2014-15,56-26,N/A,True,CF Exit
1147,Clippers,2014-15,56-26,N/A,True,CSF Exit
1148,Bulls,2014-15,50-32,N/A,False,CSF Exit
1149,Celtics,2014-15,40-42,N/A,False,FR Exit
1150,Kings,2014-15,29-53,N/A,False,Not Qualified
1151,Timberwolves,2014-15,16-66,N/A,False,Not Qualified
1152,Lakers,2014-15,21-61,N/A,False,Not Qualified
1153,Pacers,2014-15,38-44,N/A,False,Not Qualified
1154,Jazz,2015-16,40-42,N/A,False,Not Qualified
1155,Kings,2015-16,33-49,N/A,False,Not Qualified
1156,Knicks,2015-16,32-50,N/A,False,Not Qualified
1157,Clippers,2015-16,53-29,N/A,True,FR Exit
1158,Pacers,2015-16,45-37,N/A,False,FR Exit
1159,Grizzlies,2015-16,42-40,N/A,False,FR Exit
1160,Wizards,2015-16,41-41,N/A,False,Not Qualified
1161,Pelicans,2015-16,30-52,N/A,False,Not Qualified
1162,Thunder,2015-16,55-27,N/A,True,CF Exit
1163,Celtics,2015-16,48-34,N/A,False,FR Exit
1164,Cavaliers,2015-16,57-25,LEAGUE CHAMPION,True,Champ
1165,Suns,2015-16,23-59,N/A,False,Not Qualified
1166,Timberwolves,2015-16,29-53,N/A,False,Not Qualified
1167,Heat,2015-16,48-34,N/A,False,CSF Exit
1168,Spurs,2015-16,67-15,N/A,True,CSF Exit
1169,Magic,2015-16,35-47,N/A,False,Not Qualified
1170,Hornets,2015-16,48-34,N/A,False,FR Exit
1171,Bulls,2015-16,42-40,N/A,False,Not Qualified
1172,Lakers,2015-16,17-65,N/A,False,Not Qualified
1173,Nets,2015-16,21-61,N/A,False,Not Qualified
1174,Hawks,2015-16,48-34,N/A,False,CSF Exit
1175,Nuggets,2015-16,33-49,N/A,False,Not Qualified
1176,Bucks,2015-16,33-49,N/A,False,Not Qualified
1177,76ers,2015-16,10-72,N/A,False,Not Qualified
1178,Mavericks,2015-16,42-40,N/A,False,FR Exit
1179,Pistons,2015-16,44-38,N/A,False,FR Exit
1180,Rockets,2015-16,41-41,N/A,False,FR Exit
1181,Raptors,2015-16,56-26,N/A,True,CF Exit
1182,Warriors,2015-16,73-9,FINALS APPEARANCE,True,Runner Up
1183,Trail Blazers,2015-16,44-38,N/A,False,CSF Exit
1184,Timberwolves,2016-17,31-51,N/A,False,Not Qualified
1185,Mavericks,2016-17,33-49,N/A,False,Not Qualified
1186,Magic,2016-17,29-53,N/A,False,Not Qualified
1187,Heat,2016-17,41-41,N/A,False,Not Qualified
1188,Hornets,2016-17,36-46,N/A,False,Not Qualified
1189,Raptors,2016-17,51-31,N/A,False,CSF Exit
1190,Bulls,2016-17,41-41,N/A,False,FR Exit
1191,Grizzlies,2016-17,43-39,N/A,False,FR Exit
1192,Lakers,2016-17,26-56,N/A,False,Not Qualified
1193,Nuggets,2016-17,40-42,N/A,False,Not Qualified
1194,Trail Blazers,2016-17,41-41,N/A,False,FR Exit
1195,Wizards,2016-17,49-33,N/A,True,CSF Exit
1196,Spurs,2016-17,61-21,N/A,True,CF Exit
1197,Thunder,2016-17,47-35,N/A,False,FR Exit
1198,Bucks,2016-17,42-40,N/A,False,FR Exit
1199,Cavaliers,2016-17,51-31,FINALS APPEARANCE,True,Runner Up
1200,76ers,2016-17,28-54,N/A,False,Not Qualified
1201,Clippers,2016-17,51-31,N/A,False,FR Exit
1202,Jazz,2016-17,51-31,N/A,False,CSF Exit
1203,Pacers,2016-17,42-40,N/A,False,FR Exit
1204,Rockets,2016-17,55-27,N/A,True,CSF Exit
1205,Hawks,2016-17,43-39,N/A,False,FR Exit
1206,Knicks,2016-17,31-51,N/A,False,Not Qualified
1207,Nets,2016-17,20-62,N/A,False,Not Qualified
1208,Suns,2016-17,24-58,N/A,False,Not Qualified
1209,Kings,2016-17,32-50,N/A,False,Not Qualified
1210,Pelicans,2016-17,34-48,N/A,False,Not Qualified
1211,Warriors,2016-17,67-15,LEAGUE CHAMPION,True,Champ
1212,Celtics,2016-17,53-29,N/A,True,CF Exit
1213,Pistons,2016-17,37-45,N/A,False,Not Qualified
1214,Warriors,2017-18,58-24,LEAGUE CHAMPION,True,Champ
1215,Suns,2017-18,21-61,N/A,False,Not Qualified
1216,Grizzlies,2017-18,22-60,N/A,False,Not Qualified
1217,Pistons,2017-18,39-43,N/A,False,Not Qualified
1218,Rockets,2017-18,65-17,N/A,True,CF Exit
1219,Trail Blazers,2017-18,49-33,N/A,False,FR Exit
1220,Kings,2017-18,27-55,N/A,False,Not Qualified
1221,Raptors,2017-18,59-23,N/A,True,CSF Exit
1222,Wizards,2017-18,43-39,N/A,False,FR Exit
1223,Heat,2017-18,44-38,N/A,False,FR Exit
1224,Timberwolves,2017-18,47-35,N/A,False,FR Exit
1225,Celtics,2017-18,55-27,N/A,True,CF Exit
1226,Hawks,2017-18,24-58,N/A,False,Not Qualified
1227,Bulls,2017-18,27-55,N/A,False,Not Qualified
1228,Cavaliers,2017-18,50-32,FINALS APPEARANCE,False,Runner Up
1229,Pelicans,2017-18,48-34,N/A,False,CSF Exit
1230,Magic,2017-18,25-57,N/A,False,Not Qualified
1231,76ers,2017-18,52-30,N/A,False,CSF Exit
1232,Clippers,2017-18,42-40,N/A,False,Not Qualified
1233,Thunder,2017-18,48-34,N/A,False,FR Exit
1234,Lakers,2017-18,35-47,N/A,False,Not Qualified
1235,Bucks,2017-18,44-38,N/A,False,FR Exit
1236,Jazz,2017-18,48-34,N/A,False,CSF Exit
1237,Spurs,2017-18,47-35,N/A,False,FR Exit
1238,Knicks,2017-18,29-53,N/A,False,Not Qualified
1239,Mavericks,2017-18,24-58,N/A,False,Not Qualified
1240,Pacers,2017-18,48-34,N/A,False,FR Exit
1241,Hornets,2017-18,36-46,N/A,False,Not Qualified
1242,Nets,2017-18,28-54,N/A,False,Not Qualified
1243,Nuggets,2017-18,46-36,N/A,False,Not Qualified
1244,Spurs,2018-19,48-34,N/A,False,FR Exit
1245,Bulls,2018-19,22-60,N/A,False,Not Qualified
1246,Cavaliers,2018-19,19-63,N/A,False,Not Qualified
1247,76ers,2018-19,51-31,N/A,False,CSF Exit
1248,Clippers,2018-19,48-34,N/A,False,FR Exit
1249,Magic,2018-19,42-40,N/A,False,FR Exit
1250,Rockets,2018-19,53-29,N/A,True,CSF Exit
1251,Pacers,2018-19,48-34,N/A,False,FR Exit
1252,Pistons,2018-19,41-41,N/A,False,FR Exit
1253,Thunder,2018-19,49-33,N/A,False,FR Exit
1254,Nets,2018-19,42-40,N/A,False,FR Exit
1255,Warriors,2018-19,57-25,FINALS APPEARANCE,True,Runner Up
1256,Mavericks,2018-19,33-49,N/A,False,Not Qualified
1257,Timberwolves,2018-19,36-46,N/A,False,Not Qualified
1258,Raptors,2018-19,58-24,LEAGUE CHAMPION,True,Champ
1259,Celtics,2018-19,49-33,N/A,False,CSF Exit
1260,Pelicans,2018-19,33-49,N/A,False,Not Qualified
1261,Kings,2018-19,39-43,N/A,False,Not Qualified
1262,Bucks,2018-19,60-22,N/A,True,CF Exit
1263,Suns,2018-19,19-63,N/A,False,Not Qualified
1264,Hawks,2018-19,29-53,N/A,False,Not Qualified
1265,Heat,2018-19,39-43,N/A,False,Not Qualified
1266,Knicks,2018-19,17-65,N/A,False,Not Qualified
1267,Trail Blazers,2018-19,53-29,N/A,True,CF Exit
1268,Hornets,2018-19,39-43,N/A,False,Not Qualified
1269,Wizards,2018-19,32-50,N/A,False,Not Qualified
1270,Lakers,2018-19,37-45,N/A,False,Not Qualified
1271,Jazz,2018-19,50-32,N/A,True,FR Exit
1272,Grizzlies,2018-19,33-49,N/A,False,Not Qualified
1273,Nuggets,2018-19,54-28,N/A,True,CSF Exit
1274,Thunder,2019-20,44-28,N/A,False,FR Exit
1275,Kings,2019-20,31-41,N/A,False,Not Qualified
1276,Wizards,2019-20,25-47,N/A,False,Not Qualified
1277,Trail Blazers,2019-20,35-39,N/A,False,FR Exit
1278,Hawks,2019-20,20-47,N/A,False,Not Qualified
1279,Clippers,2019-20,49-23,N/A,True,CSF Exit
1280,Pelicans,2019-20,30-42,N/A,False,Not Qualified
1281,Pistons,2019-20,20-46,N/A,False,Not Qualified
1282,76ers,2019-20,43-30,N/A,False,FR Exit
1283,Celtics,2019-20,48-24,N/A,True,CF Exit
1284,Knicks,2019-20,21-45,N/A,False,Not Qualified
1285,Raptors,2019-20,53-19,N/A,True,CSF Exit
1286,Pacers,2019-20,45-28,N/A,False,FR Exit
1287,Magic,2019-20,33-40,N/A,False,FR Exit
1288,Nets,2019-20,35-37,N/A,False,FR Exit
1289,Mavericks,2019-20,43-32,N/A,False,FR Exit
1290,Timberwolves,2019-20,19-45,N/A,False,Not Qualified
1291,Heat,2019-20,44-29,FINALS APPEARANCE,False,Runner Up
1292,Jazz,2019-20,44-28,N/A,False,FR Exit
1293,Suns,2019-20,34-39,N/A,False,Not Qualified
1294,Lakers,2019-20,52-19,LEAGUE CHAMPION,True,Champ
1295,Hornets,2019-20,23-42,N/A,False,Not Qualified
1296,Spurs,2019-20,32-39,N/A,False,Not Qualified
1297,Nuggets,2019-20,46-27,N/A,True,CF Exit
1298,Rockets,2019-20,44-28,N/A,False,CSF Exit
1299,Bulls,2019-20,22-43,N/A,False,Not Qualified
1300,Bucks,2019-20,56-17,N/A,True,CSF Exit
1301,Warriors,2019-20,15-50,N/A,False,Not Qualified
1302,Cavaliers,2019-20,19-46,N/A,False,Not Qualified
1303,Grizzlies,2019-20,34-39,N/A,False,Not Qualified
1304,Hawks,2020-21,41-31,N/A,False,CF Exit
1305,Pistons,2020-21,20-52,N/A,False,Not Qualified
1306,Mavericks,2020-21,42-30,N/A,False,FR Exit
1307,Pacers,2020-21,34-38,N/A,False,Not Qualified
1308,Nets,2020-21,48-24,N/A,True,CSF Exit
1309,Warriors,2020-21,39-33,N/A,False,Not Qualified
1310,Trail Blazers,2020-21,42-30,N/A,False,FR Exit
1311,Hornets,2020-21,33-39,N/A,False,Not Qualified
1312,Kings,2020-21,31-41,N/A,False,Not Qualified
1313,Thunder,2020-21,22-50,N/A,False,Not Qualified
1314,Heat,2020-21,40-32,N/A,False,FR Exit
1315,Suns,2020-21,51-21,FINALS APPEARANCE,True,Runner Up
1316,Grizzlies,2020-21,38-34,N/A,False,FR Exit
1317,Spurs,2020-21,33-39,N/A,False,Not Qualified
1318,Bulls,2020-21,31-41,N/A,False,Not Qualified
1319,Pelicans,2020-21,31-41,N/A,False,Not Qualified
1320,Cavaliers,2020-21,22-50,N/A,False,Not Qualified
1321,Rockets,2020-21,17-55,N/A,False,Not Qualified
1322,Celtics,2020-21,36-36,N/A,False,FR Exit
1323,Knicks,2020-21,41-31,N/A,False,FR Exit
1324,Jazz,2020-21,52-20,N/A,True,CSF Exit
1325,Bucks,2020-21,46-26,LEAGUE CHAMPION,False,Champ
1326,Raptors,2020-21,27-45,N/A,False,Not Qualified
1327,Magic,2020-21,21-51,N/A,False,Not Qualified
1328,Timberwolves,2020-21,23-49,N/A,False,Not Qualified
1329,Nuggets,2020-21,47-25,N/A,True,CSF Exit
1330,Lakers,2020-21,42-30,N/A,False,FR Exit
1331,76ers,2020-21,49-23,N/A,True,CSF Exit
1332,Wizards,2020-21,34-38,N/A,False,FR Exit
1333,Clippers,2020-21,47-25,N/A,True,CF Exit
1334,Pelicans,2021-22,36-46,N/A,False,FR Exit
1335,Kings,2021-22,30-52,N/A,False,Not Qualified
1336,Jazz,2021-22,49-33,N/A,False,FR Exit
1337,Suns,2021-22,64-18,N/A,True,CSF Exit
1338,Celtics,2021-22,51-31,FINALS APPEARANCE,False,Runner Up
1339,Bucks,2021-22,51-31,N/A,True,CSF Exit
1340,Nets,2021-22,44-38,N/A,False,FR Exit
1341,Lakers,2021-22,33-49,N/A,False,Not Qualified
1342,Nuggets,2021-22,48-34,N/A,False,FR Exit
1343,Warriors,2021-22,53-29,LEAGUE CHAMPION,True,Champ
1344,Heat,2021-22,53-29,N/A,True,CF Exit
1345,Raptors,2021-22,48-34,N/A,False,FR Exit
1346,Thunder,2021-22,24-58,N/A,False,Not Qualified
1347,Grizzlies,2021-22,56-26,N/A,True,CSF Exit
1348,Bulls,2021-22,46-36,N/A,False,FR Exit
1349,Cavaliers,2021-22,44-38,N/A,False,Not Qualified
1350,Spurs,2021-22,34-48,N/A,False,Not Qualified
1351,Timberwolves,2021-22,46-36,N/A,False,FR Exit
1352,Wizards,2021-22,35-47,N/A,False,Not Qualified
1353,Knicks,2021-22,37-45,N/A,False,Not Qualified
1354,Clippers,2021-22,42-40,N/A,False,Not Qualified
1355,Hornets,2021-22,43-39,N/A,False,Not Qualified
1356,Magic,2021-22,22-60,N/A,False,Not Qualified
1357,Rockets,2021-22,20-62,N/A,False,Not Qualified
1358,Hawks,2021-22,43-39,N/A,False,FR Exit
1359,Pistons,2021-22,23-59,N/A,False,Not Qualified
1360,Trail Blazers,2021-22,27-55,N/A,False,Not Qualified
1361,Mavericks,2021-22,52-30,N/A,True,CF Exit
1362,76ers,2021-22,51-31,N/A,False,CSF Exit
1363,Pacers,2021-22,25-57,N/A,False,Not Qualified
1364,Grizzlies,2022-23,51-31,N/A,False,FR Exit
1365,Raptors,2022-23,41-41,N/A,False,Not Qualified
1366,Suns,2022-23,45-37,N/A,False,CSF Exit
1367,Timberwolves,2022-23,42-40,N/A,False,FR Exit
1368,Lakers,2022-23,43-39,N/A,False,CF Exit
1369,Jazz,2022-23,37-45,N/A,False,Not Qualified
1370,Wizards,2022-23,35-47,N/A,False,Not Qualified
1371,Thunder,2022-23,40-42,N/A,False,Not Qualified
1372,Bulls,2022-23,40-42,N/A,False,Not Qualified
1373,Cavaliers,2022-23,51-31,N/A,False,FR Exit
1374,Clippers,2022-23,44-38,N/A,False,FR Exit
1375,76ers,2022-23,54-28,N/A,True,CSF Exit
1376,Rockets,2022-23,22-60,N/A,False,Not Qualified
1377,Hawks,2022-23,41-41,N/A,False,FR Exit
1378,Pistons,2022-23,17-65,N/A,False,Not Qualified
1379,Pelicans,2022-23,42-40,N/A,False,Not Qualified
1380,Warriors,2022-23,44-38,N/A,False,CSF Exit
1381,Kings,2022-23,48-34,N/A,False,FR Exit
1382,Celtics,2022-23,57-25,N/A,True,CF Exit
1383,Nuggets,2022-23,53-29,LEAGUE CHAMPION,True,Champ
1384,Spurs,2022-23,22-60,N/A,False,Not Qualified
1385,Trail Blazers,2022-23,33-49,N/A,False,Not Qualified
1386,Bucks,2022-23,58-24,N/A,True,FR Exit
1387,Hornets,2022-23,27-55,N/A,False,Not Qualified
1388,Nets,2022-23,45-37,N/A,False,FR Exit
1389,Magic,2022-23,34-48,N/A,False,Not Qualified
1390,Heat,2022-23,44-38,FINALS APPEARANCE,False,Runner Up
1391,Pacers,2022-23,35-47,N/A,False,Not Qualified
1392,Knicks,2022-23,47-35,N/A,False,CSF Exit
1393,Mavericks,2022-23,38-44,N/A,False,Not Qualified
